clade	gene	site	alt
DENV1/I	E	461	V
DENV1/I	E	484	L
DENV1/I	M	122	R
DENV1/II	E	345	A
DENV1/II	E	432	M
DENV1/III	E	297	V
DENV1/III	M	118	R
DENV1/IV	E	339	S
DENV1/IV	M	72	E
DENV1/IV	E	88	T
DENV1/V	NS1	324	R
DENV1/V	NS2A	142	P
DENV1/V	NS3	185	K
DENV1/V	NS5	834	E
DENV2/AM	E	71	D
DENV2/AM	E	81	T
DENV2/AM	E	129	I
DENV2/AM	NS1	21	V
DENV2/AM	NS1	73	S
DENV2/AM	NS1	99	V
DENV2/AM	NS1	170	R
DENV2/AA	E	491	A
DENV2/AA	M	15	G
DENV2/AA	M	39	I
DENV2/AI	E	484	I
DENV2/AI	NS1	222	N
DENV2/AI	NS5	687	I
DENV2/C	E	71	A
DENV2/C	E	149	N
DENV2/C	E	462	V
DENV2/S	E	59	F
DENV2/S	E	236	M
DENV2/S	E	432	V
DENV3/I	M	128	F
DENV3/I	E	68	V
DENV3/II	M	57	A
DENV3/II	NS5	749	K
DENV3/III	E	132	Y
DENV3/III	E	301	T
DENV3/IV	NS1	139	S
DENV3/IV	NS5	638	P
DENV4/I	E	429	L
DENV4/I	NS1	98	S
DENV4/II	E	265	A
DENV4/II	E	46	T
DENV4/II	NS1	246	S
DENV4/S	E	132	V
DENV4/S	E	154	S
DENV4/S	E	162	T

